id,is_hallucination,category,skeleton,domain,n_steps,length_band,requested_position_band,achieved_position_band,t_star,H_size,n_fillers
c-0425,0,,B,registry,13,long,,,,,6
h-planning-early-long-0004,1,planning,B,registry,14,long,early,early,1,3,7
c-0192,0,,B,municipal,12,medium,,,,,5
c-0184,0,,B,municipal,11,medium,,,,,4
c-0159,0,,A,municipal,13,long,,,,,6
c-0359,0,,B,clinic,15,long,,,,,8
h-tool-use-early-long-0002,1,tool-use,B,library,13,long,early,mid,6,1,6
h-retrieval-early-long-0005,1,retrieval,B,warehouse,15,long,early,early,3,2,8
c-0252,0,,B,registry,15,long,,,,,8
h-reasoning-late-short-0005,1,reasoning,B,municipal,7,short,late,mid,4,2,0
h-tool-use-early-medium-0006,1,tool-use,A,library,12,medium,early,mid,6,1,5
h-planning-late-long-0003,1,planning,A,clinic,15,long,late,mid,9,2,8
c-0081,0,,B,municipal,7,short,,,,,0
c-0194,0,,B,library,9,short,,,,,2
h-retrieval-early-long-0008,1,retrieval,B,clinic,15,long,early,early,3,2,8
h-reasoning-early-short-0004,1,reasoning,B,municipal,7,short,early,mid,4,2,0
h-human-interaction-mid-medium-0004,1,human-interaction,B,library,10,medium,mid,early,3,3,3
c-0418,0,,B,clinic,13,long,,,,,6
h-reasoning-late-medium-0007,1,reasoning,B,registry,11,medium,late,late,8,2,4
c-0320,0,,A,registry,11,medium,,,,,4
c-0124,0,,B,clinic,9,short,,,,,2
c-0004,0,,B,registry,10,medium,,,,,3
h-tool-use-late-medium-0005,1,tool-use,A,warehouse,12,medium,late,late,11,1,5
c-0020,0,,A,municipal,12,medium,,,,,5
c-0057,0,,A,registry,8,short,,,,,1
h-reasoning-mid-long-0003,1,reasoning,A,municipal,15,long,mid,mid,8,1,8
h-retrieval-early-short-0009,1,retrieval,B,clinic,7,short,early,mid,3,2,0
c-0039,0,,B,warehouse,7,short,,,,,0
c-0351,0,,A,municipal,10,medium,,,,,3
c-0098,0,,B,municipal,11,medium,,,,,4
h-reasoning-late-long-0006,1,reasoning,A,warehouse,13,long,late,late,10,1,6
c-0173,0,,B,clinic,8,short,,,,,1
h-reasoning-late-medium-0005,1,reasoning,B,warehouse,11,medium,late,late,8,2,4
h-human-interaction-early-short-0001,1,human-interaction,A,municipal,7,short,early,mid,3,2,0
c-0246,0,,B,municipal,7,short,,,,,0
c-0282,0,,A,clinic,8,short,,,,,1
h-tool-use-late-medium-0000,1,tool-use,A,library,11,medium,late,late,10,1,4
h-retrieval-late-long-0009,1,retrieval,B,registry,13,long,late,late,9,2,6
h-reasoning-late-short-0001,1,reasoning,A,warehouse,8,short,late,mid,5,1,1
c-0171,0,,B,library,14,long,,,,,7
h-planning-late-medium-0004,1,planning,A,municipal,11,medium,late,mid,5,2,4
c-0264,0,,A,municipal,14,long,,,,,7
c-0093,0,,A,library,12,medium,,,,,5
h-planning-early-long-0006,1,planning,B,warehouse,14,long,early,early,1,3,7
c-0261,0,,A,clinic,15,long,,,,,8
h-planning-early-long-0003,1,planning,A,clinic,13,long,early,early,1,2,6
c-0219,0,,B,warehouse,8,short,,,,,1
c-0094,0,,A,library,14,long,,,,,7
h-reasoning-late-long-0004,1,reasoning,A,registry,15,long,late,late,12,1,8
c-0362,0,,A,clinic,9,short,,,,,2
c-0216,0,,B,registry,7,short,,,,,0
h-reasoning-mid-medium-0001,1,reasoning,B,registry,12,medium,mid,mid,6,2,5
c-0177,0,,B,library,13,long,,,,,6
h-planning-late-medium-0000,1,planning,B,clinic,11,medium,late,mid,5,3,4
c-0382,0,,B,registry,12,medium,,,,,5
c-0034,0,,B,registry,14,long,,,,,7
c-0298,0,,A,clinic,11,medium,,,,,4
h-retrieval-mid-short-0003,1,retrieval,A,library,9,short,mid,early,3,2,2
c-0214,0,,A,clinic,7,short,,,,,0
h-reasoning-early-medium-0001,1,reasoning,B,warehouse,12,medium,early,early,4,2,5
h-human-interaction-late-long-0002,1,human-interaction,A,registry,15,long,late,late,11,2,8
c-0376,0,,B,clinic,12,medium,,,,,5
h-reasoning-early-long-0008,1,reasoning,B,clinic,15,long,early,early,4,2,8
h-tool-use-late-short-0006,1,tool-use,B,library,8,short,late,late,7,1,1
h-retrieval-early-short-0005,1,retrieval,B,clinic,8,short,early,mid,3,2,1
h-planning-mid-medium-0003,1,planning,A,registry,12,medium,mid,early,3,2,5
h-tool-use-mid-short-0009,1,tool-use,A,library,8,short,mid,late,6,1,1
h-reasoning-mid-short-0008,1,reasoning,A,municipal,8,short,mid,mid,4,1,1
c-0038,0,,B,warehouse,12,medium,,,,,5
c-0083,0,,A,registry,13,long,,,,,6
h-human-interaction-early-medium-0008,1,human-interaction,A,registry,11,medium,early,early,3,2,4
h-human-interaction-early-medium-0004,1,human-interaction,B,clinic,10,medium,early,early,2,3,3
c-0089,0,,A,library,15,long,,,,,8
c-0002,0,,A,clinic,15,long,,,,,8
c-0433,0,,B,clinic,13,long,,,,,6
c-0063,0,,B,clinic,13,long,,,,,6
h-tool-use-early-medium-0003,1,tool-use,B,registry,11,medium,early,mid,6,1,4
c-0303,0,,A,warehouse,9,short,,,,,2
c-0055,0,,B,library,9,short,,,,,2
h-human-interaction-late-short-0005,1,human-interaction,A,warehouse,9,short,late,mid,5,2,2
h-retrieval-mid-long-0001,1,retrieval,A,library,14,long,mid,mid,5,2,7
c-0265,0,,B,warehouse,14,long,,,,,7
h-human-interaction-early-medium-0005,1,human-interaction,A,municipal,12,medium,early,early,3,2,5
c-0353,0,,A,clinic,12,medium,,,,,5
h-retrieval-late-short-0004,1,retrieval,A,municipal,8,short,late,mid,3,2,1
h-tool-use-mid-long-0007,1,tool-use,A,clinic,15,long,mid,mid,10,1,8
c-0103,0,,B,registry,8,short,,,,,1
c-0426,0,,B,registry,7,short,,,,,0
h-retrieval-mid-short-0007,1,retrieval,A,municipal,8,short,mid,early,2,2,1
c-0000,0,,B,clinic,11,medium,,,,,4
c-0232,0,,A,clinic,15,long,,,,,8
h-planning-early-short-0007,1,planning,B,municipal,8,short,early,early,1,3,1
c-0153,0,,B,clinic,10,medium,,,,,3
h-retrieval-mid-short-0000,1,retrieval,A,registry,9,short,mid,early,3,2,2
c-0304,0,,A,municipal,15,long,,,,,8
h-tool-use-late-long-0007,1,tool-use,B,registry,13,long,late,late,12,1,6
h-planning-mid-medium-0009,1,planning,B,warehouse,11,medium,mid,early,3,3,4
c-0196,0,,B,warehouse,12,medium,,,,,5
c-0267,0,,B,warehouse,14,long,,,,,7
h-planning-early-long-0007,1,planning,B,clinic,15,long,early,early,1,3,8
c-0195,0,,B,registry,15,long,,,,,8
h-retrieval-late-short-0000,1,retrieval,B,warehouse,7,short,late,mid,3,2,0
c-0344,0,,B,municipal,8,short,,,,,1
c-0227,0,,B,clinic,15,long,,,,,8
h-planning-mid-short-0000,1,planning,B,registry,9,short,mid,early,2,3,2
h-retrieval-early-medium-0000,1,retrieval,B,clinic,10,medium,early,early,3,2,3
c-0431,0,,B,registry,8,short,,,,,1
h-human-interaction-late-short-0009,1,human-interaction,A,clinic,8,short,late,mid,4,2,1
h-reasoning-early-long-0000,1,reasoning,A,registry,14,long,early,early,4,1,7
h-retrieval-early-medium-0007,1,retrieval,B,registry,10,medium,early,early,3,2,3
c-0309,0,,A,municipal,8,short,,,,,1
h-tool-use-mid-medium-0008,1,tool-use,B,registry,10,medium,mid,late,7,1,3
c-0391,0,,B,registry,9,short,,,,,2
h-planning-early-medium-0003,1,planning,A,registry,12,medium,early,early,1,2,5
h-planning-late-long-0007,1,planning,B,library,14,long,late,mid,8,3,7
h-reasoning-mid-long-0009,1,reasoning,B,clinic,14,long,mid,mid,7,2,7
c-0101,0,,B,municipal,11,medium,,,,,4
c-0141,0,,A,clinic,15,long,,,,,8
h-human-interaction-early-medium-0000,1,human-interaction,A,municipal,11,medium,early,early,3,2,4
h-human-interaction-mid-short-0003,1,human-interaction,B,municipal,8,short,mid,early,2,3,1
c-0290,0,,A,library,10,medium,,,,,3
h-retrieval-early-long-0003,1,retrieval,B,clinic,13,long,early,early,3,2,6
c-0405,0,,B,clinic,10,medium,,,,,3
h-tool-use-mid-short-0006,1,tool-use,A,clinic,9,short,mid,late,7,1,2
c-0200,0,,B,library,13,long,,,,,6
c-0160,0,,B,warehouse,11,medium,,,,,4
c-0348,0,,A,library,14,long,,,,,7
h-human-interaction-late-long-0003,1,human-interaction,A,library,13,long,late,late,9,2,6
c-0245,0,,A,library,13,long,,,,,6
h-human-interaction-late-medium-0007,1,human-interaction,B,registry,11,medium,late,mid,6,3,4
c-0082,0,,B,clinic,11,medium,,,,,4
c-0254,0,,A,clinic,14,long,,,,,7
h-tool-use-late-long-0003,1,tool-use,A,clinic,13,long,late,late,12,1,6
h-reasoning-mid-long-0005,1,reasoning,B,library,13,long,mid,mid,7,2,6
c-0073,0,,B,clinic,11,medium,,,,,4
c-0295,0,,B,registry,15,long,,,,,8
c-0046,0,,A,municipal,8,short,,,,,1
h-reasoning-early-medium-0009,1,reasoning,A,municipal,11,medium,early,mid,4,1,4
c-0122,0,,B,library,14,long,,,,,7
c-0027,0,,A,warehouse,11,medium,,,,,4
h-tool-use-mid-short-0007,1,tool-use,B,library,8,short,mid,late,6,1,1
h-human-interaction-late-medium-0005,1,human-interaction,B,clinic,11,medium,late,mid,6,3,4
c-0119,0,,B,warehouse,14,long,,,,,7
c-0321,0,,B,municipal,11,medium,,,,,4
h-retrieval-mid-short-0004,1,retrieval,A,warehouse,9,short,mid,early,3,2,2
c-0128,0,,A,clinic,8,short,,,,,1
c-0061,0,,B,library,9,short,,,,,2
c-0108,0,,B,clinic,12,medium,,,,,5
h-planning-late-short-0002,1,planning,A,library,9,short,late,early,3,2,2
c-0029,0,,A,library,7,short,,,,,0
h-human-interaction-early-medium-0009,1,human-interaction,B,registry,11,medium,early,early,2,3,4
c-0413,0,,B,warehouse,13,long,,,,,6
h-planning-mid-long-0000,1,planning,B,library,15,long,mid,early,5,3,8
c-0316,0,,B,library,11,medium,,,,,4
h-planning-late-medium-0003,1,planning,B,warehouse,11,medium,late,mid,5,3,4
c-0223,0,,B,clinic,12,medium,,,,,5
c-0209,0,,B,clinic,11,medium,,,,,4
h-reasoning-early-medium-0000,1,reasoning,A,warehouse,11,medium,early,mid,4,1,4
h-tool-use-late-short-0008,1,tool-use,A,municipal,7,short,late,late,6,1,0
c-0136,0,,B,municipal,10,medium,,,,,3
c-0399,0,,B,registry,11,medium,,,,,4
c-0151,0,,B,warehouse,12,medium,,,,,5
c-0441,0,,B,warehouse,15,long,,,,,8
c-0193,0,,A,warehouse,15,long,,,,,8
c-0292,0,,A,library,13,long,,,,,6
c-0444,0,,B,library,12,medium,,,,,5
h-reasoning-mid-medium-0003,1,reasoning,A,warehouse,12,medium,mid,mid,6,1,5
h-reasoning-early-medium-0008,1,reasoning,B,warehouse,10,medium,early,mid,4,2,3
c-0112,0,,B,municipal,13,long,,,,,6
c-0369,0,,A,library,12,medium,,,,,5
c-0127,0,,A,warehouse,10,medium,,,,,3
h-reasoning-mid-long-0001,1,reasoning,B,municipal,13,long,mid,mid,7,2,6
c-0255,0,,A,registry,8,short,,,,,1
c-0053,0,,B,clinic,11,medium,,,,,4
h-tool-use-late-medium-0006,1,tool-use,B,municipal,11,medium,late,late,10,1,4
c-0349,0,,B,warehouse,13,long,,,,,6
c-0164,0,,B,warehouse,11,medium,,,,,4
c-0338,0,,B,library,13,long,,,,,6
c-0332,0,,B,registry,11,medium,,,,,4
c-0326,0,,B,municipal,13,long,,,,,6
h-retrieval-late-medium-0008,1,retrieval,A,registry,10,medium,late,mid,5,2,3
c-0336,0,,B,clinic,8,short,,,,,1
c-0379,0,,A,registry,15,long,,,,,8
c-0419,0,,A,registry,9,short,,,,,2
h-human-interaction-early-long-0006,1,human-interaction,A,municipal,14,long,early,early,3,2,7
h-tool-use-early-short-0009,1,tool-use,A,municipal,9,short,early,mid,6,1,2
c-0230,0,,A,registry,12,medium,,,,,5
h-planning-late-long-0006,1,planning,B,library,15,long,late,mid,9,3,8
h-reasoning-early-long-0004,1,reasoning,B,municipal,13,long,early,early,4,2,6
c-0355,0,,B,library,14,long,,,,,7
c-0131,0,,A,municipal,10,medium,,,,,3
c-0233,0,,B,municipal,7,short,,,,,0
c-0318,0,,B,municipal,7,short,,,,,0
c-0390,0,,B,municipal,11,medium,,,,,4
c-0249,0,,B,library,9,short,,,,,2
h-reasoning-mid-long-0006,1,reasoning,B,registry,13,long,mid,mid,7,2,6
h-human-interaction-mid-short-0005,1,human-interaction,B,warehouse,8,short,mid,early,2,3,1
h-planning-late-short-0009,1,planning,B,warehouse,8,short,late,early,2,3,1
h-retrieval-late-short-0001,1,retrieval,B,library,7,short,late,mid,3,2,0
c-0447,0,,A,registry,7,short,,,,,0
c-0090,0,,A,municipal,7,short,,,,,0
h-retrieval-mid-long-0008,1,retrieval,A,clinic,14,long,mid,mid,5,2,7
h-planning-late-long-0002,1,planning,B,library,15,long,late,mid,9,3,8
h-tool-use-mid-short-0008,1,tool-use,A,clinic,8,short,mid,late,6,1,1
c-0402,0,,A,municipal,15,long,,,,,8
c-0130,0,,B,clinic,14,long,,,,,7
c-0352,0,,A,clinic,14,long,,,,,7
h-reasoning-late-short-0004,1,reasoning,A,library,9,short,late,mid,6,1,2
h-human-interaction-early-short-0004,1,human-interaction,B,library,8,short,early,early,2,3,1
c-0003,0,,A,registry,13,long,,,,,6
h-retrieval-mid-medium-0009,1,retrieval,A,warehouse,12,medium,mid,early,4,2,5
h-tool-use-late-long-0001,1,tool-use,B,municipal,14,long,late,late,13,1,7
h-human-interaction-early-short-0009,1,human-interaction,A,municipal,9,short,early,early,3,2,2
c-0006,0,,B,registry,12,medium,,,,,5
c-0380,0,,A,clinic,14,long,,,,,7
c-0243,0,,B,library,11,medium,,,,,4
h-retrieval-late-long-0002,1,retrieval,A,municipal,14,long,late,mid,9,2,7
c-0398,0,,B,clinic,13,long,,,,,6
h-tool-use-mid-long-0008,1,tool-use,B,clinic,13,long,mid,late,9,1,6
c-0047,0,,B,library,14,long,,,,,7
h-human-interaction-mid-long-0002,1,human-interaction,B,clinic,14,long,mid,mid,5,3,7
c-0163,0,,B,warehouse,14,long,,,,,7
c-0037,0,,B,warehouse,12,medium,,,,,5
c-0157,0,,B,municipal,11,medium,,,,,4
h-planning-mid-long-0003,1,planning,A,registry,14,long,mid,early,4,2,7
h-retrieval-mid-medium-0005,1,retrieval,A,municipal,12,medium,mid,early,4,2,5
h-tool-use-late-long-0008,1,tool-use,B,library,14,long,late,late,13,1,7
h-reasoning-late-medium-0003,1,reasoning,A,library,12,medium,late,late,9,1,5
c-0213,0,,B,library,15,long,,,,,8
c-0307,0,,A,library,11,medium,,,,,4
c-0358,0,,A,registry,15,long,,,,,8
h-reasoning-early-medium-0006,1,reasoning,B,clinic,11,medium,early,mid,4,2,4
h-planning-early-short-0002,1,planning,B,municipal,8,short,early,early,1,3,1
h-planning-early-medium-0004,1,planning,A,clinic,10,medium,early,early,1,2,3
h-human-interaction-late-long-0007,1,human-interaction,B,library,14,long,late,mid,9,3,7
c-0278,0,,B,registry,9,short,,,,,2
c-0197,0,,A,municipal,13,long,,,,,6
c-0437,0,,B,registry,9,short,,,,,2
h-reasoning-late-short-0009,1,reasoning,B,municipal,8,short,late,mid,5,2,1
h-reasoning-late-short-0006,1,reasoning,B,warehouse,7,short,late,mid,4,2,0
h-planning-late-short-0008,1,planning,A,registry,7,short,late,early,1,2,0
h-retrieval-late-medium-0009,1,retrieval,A,municipal,12,medium,late,mid,7,2,5
h-human-interaction-late-long-0006,1,human-interaction,B,warehouse,15,long,late,mid,10,3,8
c-0325,0,,B,clinic,7,short,,,,,0
h-reasoning-early-short-0000,1,reasoning,A,clinic,7,short,early,mid,4,1,0
c-0132,0,,A,registry,9,short,,,,,2
h-reasoning-early-long-0006,1,reasoning,A,warehouse,13,long,early,early,4,1,6
h-planning-mid-short-0007,1,planning,B,warehouse,8,short,mid,early,1,3,1
c-0235,0,,A,registry,10,medium,,,,,3
h-human-interaction-late-long-0000,1,human-interaction,B,warehouse,13,long,late,mid,8,3,6
h-reasoning-mid-short-0006,1,reasoning,A,warehouse,8,short,mid,mid,4,1,1
h-reasoning-early-long-0001,1,reasoning,A,warehouse,15,long,early,early,4,1,8
h-retrieval-late-medium-0007,1,retrieval,B,library,11,medium,late,mid,7,2,4
c-0201,0,,A,municipal,8,short,,,,,1
c-0199,0,,B,clinic,9,short,,,,,2
c-0019,0,,A,registry,14,long,,,,,7
h-reasoning-late-medium-0006,1,reasoning,B,municipal,11,medium,late,late,8,2,4
c-0239,0,,A,clinic,7,short,,,,,0
c-0274,0,,A,library,14,long,,,,,7
h-reasoning-early-short-0003,1,reasoning,B,registry,7,short,early,mid,4,2,0
h-planning-mid-medium-0006,1,planning,B,warehouse,12,medium,mid,early,3,3,5
h-retrieval-mid-short-0009,1,retrieval,A,registry,7,short,mid,early,2,2,0
c-0226,0,,B,warehouse,13,long,,,,,6
h-human-interaction-mid-medium-0007,1,human-interaction,A,library,11,medium,mid,mid,5,2,4
c-0285,0,,B,library,7,short,,,,,0
h-retrieval-late-short-0009,1,retrieval,B,clinic,8,short,late,mid,4,2,1
c-0048,0,,B,municipal,9,short,,,,,2
c-0060,0,,B,library,13,long,,,,,6
c-0040,0,,A,municipal,8,short,,,,,1
h-planning-early-medium-0009,1,planning,A,registry,12,medium,early,early,1,2,5
h-reasoning-mid-medium-0002,1,reasoning,B,warehouse,11,medium,mid,mid,6,2,4
h-retrieval-late-long-0006,1,retrieval,A,clinic,13,long,late,mid,8,2,6
c-0388,0,,B,municipal,14,long,,,,,7
c-0229,0,,B,clinic,13,long,,,,,6
c-0129,0,,A,clinic,15,long,,,,,8
h-retrieval-mid-short-0002,1,retrieval,A,warehouse,7,short,mid,early,2,2,0
c-0152,0,,B,warehouse,9,short,,,,,2
h-retrieval-mid-long-0005,1,retrieval,B,clinic,15,long,mid,mid,7,2,8
c-0044,0,,B,municipal,9,short,,,,,2
c-0404,0,,B,registry,14,long,,,,,7
h-tool-use-mid-long-0006,1,tool-use,A,library,13,long,mid,late,9,1,6
h-tool-use-late-short-0005,1,tool-use,A,library,8,short,late,late,7,1,1
c-0257,0,,A,clinic,8,short,,,,,1
h-reasoning-early-short-0002,1,reasoning,A,municipal,7,short,early,mid,4,1,0
h-human-interaction-late-long-0004,1,human-interaction,A,warehouse,14,long,late,late,10,2,7
h-reasoning-mid-long-0002,1,reasoning,A,municipal,15,long,mid,mid,8,1,8
h-human-interaction-early-long-0002,1,human-interaction,A,municipal,13,long,early,early,3,2,6
h-human-interaction-early-short-0008,1,human-interaction,B,registry,7,short,early,early,2,3,0
h-tool-use-mid-long-0004,1,tool-use,A,clinic,14,long,mid,mid,9,1,7
c-0182,0,,B,municipal,11,medium,,,,,4
c-0033,0,,B,warehouse,9,short,,,,,2
h-human-interaction-mid-short-0000,1,human-interaction,B,registry,8,short,mid,early,2,3,1
h-retrieval-early-long-0006,1,retrieval,B,municipal,15,long,early,early,3,2,8
c-0319,0,,B,registry,11,medium,,,,,4
c-0340,0,,A,clinic,12,medium,,,,,5
h-human-interaction-mid-medium-0002,1,human-interaction,B,warehouse,11,medium,mid,mid,4,3,4
h-tool-use-late-short-0007,1,tool-use,B,warehouse,7,short,late,late,6,1,0
h-tool-use-early-long-0009,1,tool-use,B,municipal,15,long,early,mid,6,1,8
c-0021,0,,A,registry,13,long,,,,,6
c-0276,0,,B,clinic,9,short,,,,,2
c-0367,0,,A,warehouse,14,long,,,,,7
c-0069,0,,B,clinic,13,long,,,,,6
h-reasoning-late-medium-0008,1,reasoning,A,warehouse,10,medium,late,late,7,1,3
h-retrieval-early-short-0002,1,retrieval,B,warehouse,8,short,early,mid,3,2,1
h-planning-early-medium-0002,1,planning,A,warehouse,10,medium,early,early,1,2,3
h-human-interaction-early-long-0009,1,human-interaction,A,municipal,13,long,early,early,3,2,6
c-0375,0,,A,registry,10,medium,,,,,3
h-reasoning-late-short-0002,1,reasoning,A,municipal,7,short,late,mid,4,1,0
h-human-interaction-mid-short-0007,1,human-interaction,B,registry,9,short,mid,early,3,3,2
h-planning-early-short-0003,1,planning,B,clinic,9,short,early,early,1,3,2
c-0241,0,,B,registry,14,long,,,,,7
h-human-interaction-late-short-0002,1,human-interaction,B,registry,8,short,late,mid,3,3,1
h-human-interaction-mid-medium-0003,1,human-interaction,A,municipal,12,medium,mid,mid,5,2,5
h-planning-late-short-0006,1,planning,A,library,8,short,late,early,2,2,1
h-reasoning-late-long-0005,1,reasoning,B,clinic,15,long,late,late,12,2,8
h-reasoning-early-medium-0007,1,reasoning,B,municipal,11,medium,early,mid,4,2,4
h-human-interaction-early-short-0000,1,human-interaction,A,library,7,short,early,mid,3,2,0
c-0031,0,,B,municipal,14,long,,,,,7
c-0277,0,,A,municipal,8,short,,,,,1
c-0168,0,,A,library,7,short,,,,,0
c-0327,0,,A,municipal,12,medium,,,,,5
h-retrieval-late-medium-0001,1,retrieval,B,warehouse,12,medium,late,mid,8,2,5
c-0176,0,,B,municipal,11,medium,,,,,4
c-0161,0,,B,municipal,13,long,,,,,6
c-0271,0,,A,registry,12,medium,,,,,5
h-planning-mid-medium-0004,1,planning,B,clinic,10,medium,mid,early,2,3,3
c-0102,0,,A,registry,9,short,,,,,2
c-0231,0,,B,clinic,11,medium,,,,,4
h-human-interaction-mid-short-0001,1,human-interaction,B,warehouse,8,short,mid,early,2,3,1
h-retrieval-late-medium-0000,1,retrieval,B,warehouse,11,medium,late,mid,7,2,4
h-retrieval-early-medium-0005,1,retrieval,B,warehouse,10,medium,early,early,3,2,3
h-planning-mid-medium-0007,1,planning,A,municipal,11,medium,mid,early,3,2,4
h-reasoning-mid-long-0007,1,reasoning,A,clinic,14,long,mid,mid,7,1,7
c-0270,0,,B,municipal,9,short,,,,,2
c-0424,0,,B,clinic,8,short,,,,,1
c-0065,0,,B,municipal,8,short,,,,,1
c-0357,0,,A,warehouse,8,short,,,,,1
c-0169,0,,B,registry,11,medium,,,,,4
c-0106,0,,B,registry,14,long,,,,,7
h-planning-mid-long-0007,1,planning,A,municipal,13,long,mid,early,4,2,6
c-0266,0,,B,registry,14,long,,,,,7
c-0086,0,,B,municipal,13,long,,,,,6
h-retrieval-mid-medium-0004,1,retrieval,B,municipal,12,medium,mid,mid,5,2,5
c-0014,0,,B,municipal,8,short,,,,,1
h-tool-use-late-medium-0003,1,tool-use,B,clinic,11,medium,late,late,10,1,4
h-retrieval-late-long-0001,1,retrieval,B,library,13,long,late,late,9,2,6
c-0117,0,,B,clinic,13,long,,,,,6
h-retrieval-late-long-0003,1,retrieval,B,municipal,13,long,late,late,9,2,6
h-retrieval-early-long-0004,1,retrieval,B,clinic,15,long,early,early,3,2,8
h-retrieval-mid-long-0003,1,retrieval,A,warehouse,15,long,mid,mid,6,2,8
h-planning-early-medium-0006,1,planning,A,warehouse,10,medium,early,early,1,2,3
c-0074,0,,B,registry,15,long,,,,,8
c-0286,0,,B,municipal,12,medium,,,,,5
c-0113,0,,B,library,10,medium,,,,,3
c-0428,0,,A,municipal,12,medium,,,,,5
h-planning-early-medium-0005,1,planning,B,library,12,medium,early,early,1,3,5
h-tool-use-mid-short-0005,1,tool-use,B,clinic,9,short,mid,late,7,1,2
c-0049,0,,A,municipal,15,long,,,,,8
h-reasoning-mid-short-0009,1,reasoning,B,clinic,7,short,mid,mid,4,2,0
h-reasoning-mid-medium-0007,1,reasoning,A,clinic,10,medium,mid,mid,5,1,3
c-0430,0,,B,municipal,8,short,,,,,1
h-reasoning-early-medium-0004,1,reasoning,A,library,11,medium,early,mid,4,1,4
h-retrieval-mid-long-0000,1,retrieval,A,registry,15,long,mid,mid,6,2,8
c-0139,0,,A,registry,15,long,,,,,8
h-reasoning-mid-medium-0008,1,reasoning,B,clinic,11,medium,mid,mid,6,2,4
c-0297,0,,B,municipal,13,long,,,,,6
c-0189,0,,B,clinic,10,medium,,,,,3
c-0156,0,,A,clinic,11,medium,,,,,4
h-human-interaction-late-short-0008,1,human-interaction,B,registry,8,short,late,mid,3,3,1
h-retrieval-early-short-0006,1,retrieval,B,clinic,7,short,early,mid,3,2,0
c-0056,0,,A,municipal,14,long,,,,,7
c-0066,0,,B,clinic,7,short,,,,,0
h-human-interaction-late-short-0001,1,human-interaction,A,municipal,7,short,late,mid,3,2,0
c-0289,0,,A,municipal,10,medium,,,,,3
h-reasoning-mid-short-0004,1,reasoning,B,library,9,short,mid,mid,5,2,2
h-planning-late-short-0005,1,planning,A,municipal,9,short,late,early,3,2,2
h-tool-use-late-long-0004,1,tool-use,B,municipal,13,long,late,late,12,1,6
h-retrieval-early-short-0001,1,retrieval,B,clinic,7,short,early,mid,3,2,0
c-0371,0,,A,registry,9,short,,,,,2
h-tool-use-early-long-0000,1,tool-use,B,clinic,13,long,early,mid,6,1,6
c-0009,0,,B,warehouse,15,long,,,,,8
h-planning-late-medium-0001,1,planning,B,municipal,10,medium,late,mid,4,3,3
c-0406,0,,B,clinic,12,medium,,,,,5
h-planning-early-long-0008,1,planning,B,warehouse,15,long,early,early,1,3,8
h-reasoning-late-medium-0009,1,reasoning,A,municipal,12,medium,late,late,9,1,5
c-0337,0,,B,warehouse,15,long,,,,,8
h-human-interaction-early-long-0003,1,human-interaction,A,warehouse,15,long,early,early,3,2,8
h-retrieval-early-medium-0006,1,retrieval,B,municipal,12,medium,early,early,3,2,5
c-0423,0,,B,clinic,10,medium,,,,,3
h-retrieval-mid-medium-0006,1,retrieval,B,clinic,12,medium,mid,mid,5,2,5
c-0440,0,,A,registry,14,long,,,,,7
h-tool-use-mid-medium-0005,1,tool-use,A,library,12,medium,mid,mid,8,1,5
h-retrieval-late-medium-0006,1,retrieval,B,library,12,medium,late,mid,8,2,5
h-human-interaction-late-medium-0003,1,human-interaction,A,clinic,11,medium,late,mid,7,2,4
h-reasoning-late-long-0009,1,reasoning,A,municipal,14,long,late,late,11,1,7
c-0188,0,,B,library,9,short,,,,,2
h-retrieval-mid-long-0004,1,retrieval,A,municipal,13,long,mid,mid,5,2,6
c-0078,0,,B,clinic,11,medium,,,,,4
h-retrieval-early-medium-0004,1,retrieval,B,clinic,11,medium,early,early,3,2,4
h-reasoning-late-short-0007,1,reasoning,B,municipal,8,short,late,mid,5,2,1
c-0050,0,,A,clinic,14,long,,,,,7
h-tool-use-mid-long-0005,1,tool-use,A,municipal,13,long,mid,late,9,1,6
c-0354,0,,B,clinic,8,short,,,,,1
c-0409,0,,B,warehouse,11,medium,,,,,4
c-0148,0,,A,municipal,8,short,,,,,1
h-human-interaction-early-long-0008,1,human-interaction,B,clinic,13,long,early,early,2,3,6
c-0114,0,,A,municipal,9,short,,,,,2
c-0202,0,,B,municipal,7,short,,,,,0
h-tool-use-late-short-0002,1,tool-use,A,library,7,short,late,late,6,1,0
c-0436,0,,B,library,10,medium,,,,,3
c-0111,0,,A,warehouse,8,short,,,,,1
h-tool-use-mid-long-0002,1,tool-use,A,clinic,14,long,mid,mid,9,1,7
h-retrieval-mid-long-0006,1,retrieval,A,municipal,14,long,mid,mid,5,2,7
h-tool-use-mid-long-0001,1,tool-use,B,clinic,15,long,mid,mid,10,1,8
c-0443,0,,A,clinic,9,short,,,,,2
c-0416,0,,B,municipal,15,long,,,,,8
c-0017,0,,B,library,11,medium,,,,,4
c-0210,0,,A,warehouse,13,long,,,,,6
h-tool-use-mid-long-0009,1,tool-use,B,warehouse,14,long,mid,mid,9,1,7
c-0138,0,,B,municipal,8,short,,,,,1
c-0137,0,,A,warehouse,8,short,,,,,1
h-reasoning-late-long-0001,1,reasoning,B,municipal,14,long,late,late,11,2,7
c-0300,0,,A,clinic,13,long,,,,,6
h-human-interaction-early-long-0005,1,human-interaction,A,clinic,15,long,early,early,3,2,8
c-0234,0,,A,registry,14,long,,,,,7
h-human-interaction-late-short-0006,1,human-interaction,A,library,7,short,late,mid,3,2,0
h-planning-late-long-0005,1,planning,A,municipal,15,long,late,mid,9,2,8
c-0280,0,,A,clinic,7,short,,,,,0
h-retrieval-early-long-0002,1,retrieval,B,registry,13,long,early,early,3,2,6
h-tool-use-early-medium-0004,1,tool-use,B,registry,11,medium,early,mid,6,1,4
c-0076,0,,A,municipal,14,long,,,,,7
h-retrieval-early-short-0003,1,retrieval,B,clinic,7,short,early,mid,3,2,0
c-0397,0,,A,municipal,7,short,,,,,0
c-0341,0,,A,clinic,9,short,,,,,2
c-0146,0,,A,municipal,9,short,,,,,2
h-tool-use-mid-medium-0002,1,tool-use,B,library,10,medium,mid,late,7,1,3
h-tool-use-mid-medium-0000,1,tool-use,A,registry,12,medium,mid,mid,8,1,5
c-0343,0,,B,warehouse,14,long,,,,,7
c-0143,0,,B,clinic,12,medium,,,,,5
c-0080,0,,A,clinic,12,medium,,,,,5
h-planning-early-medium-0001,1,planning,B,registry,11,medium,early,early,1,3,4
c-0311,0,,B,library,8,short,,,,,1
h-reasoning-early-long-0009,1,reasoning,A,warehouse,15,long,early,early,4,1,8
h-planning-early-short-0000,1,planning,A,library,8,short,early,early,1,2,1
h-retrieval-early-short-0007,1,retrieval,A,library,7,short,early,early,2,2,0
h-planning-mid-long-0005,1,planning,A,municipal,15,long,mid,early,5,2,8
h-tool-use-mid-long-0000,1,tool-use,A,municipal,13,long,mid,late,9,1,6
h-planning-mid-long-0009,1,planning,B,municipal,14,long,mid,early,4,3,7
h-planning-early-medium-0000,1,planning,A,registry,10,medium,early,early,1,2,3
h-tool-use-late-medium-0008,1,tool-use,A,registry,10,medium,late,late,9,1,3
h-tool-use-late-long-0006,1,tool-use,B,warehouse,15,long,late,late,14,1,8
h-reasoning-mid-medium-0005,1,reasoning,A,municipal,12,medium,mid,mid,6,1,5
h-human-interaction-early-short-0005,1,human-interaction,A,registry,9,short,early,early,3,2,2
h-planning-early-medium-0008,1,planning,A,municipal,10,medium,early,early,1,2,3
c-0134,0,,A,registry,9,short,,,,,2
h-human-interaction-mid-short-0006,1,human-interaction,B,warehouse,8,short,mid,early,2,3,1
h-tool-use-early-long-0005,1,tool-use,A,warehouse,14,long,early,mid,6,1,7
c-0360,0,,A,clinic,10,medium,,,,,3
h-retrieval-mid-medium-0001,1,retrieval,B,library,11,medium,mid,mid,5,2,4
h-retrieval-early-long-0001,1,retrieval,B,clinic,15,long,early,early,3,2,8
c-0007,0,,A,municipal,9,short,,,,,2
c-0077,0,,B,clinic,13,long,,,,,6
h-tool-use-early-long-0008,1,tool-use,A,library,13,long,early,mid,6,1,6
h-reasoning-mid-short-0000,1,reasoning,A,registry,8,short,mid,mid,4,1,1
c-0400,0,,A,clinic,14,long,,,,,7
c-0016,0,,B,registry,14,long,,,,,7
h-retrieval-late-short-0006,1,retrieval,A,municipal,8,short,late,mid,3,2,1
c-0030,0,,A,municipal,13,long,,,,,6
c-0262,0,,B,registry,15,long,,,,,8
h-tool-use-early-short-0005,1,tool-use,A,municipal,7,short,early,late,6,1,0
h-planning-early-long-0001,1,planning,A,clinic,15,long,early,early,1,2,8
c-0412,0,,B,warehouse,12,medium,,,,,5
c-0032,0,,B,library,7,short,,,,,0
c-0190,0,,B,library,7,short,,,,,0
c-0275,0,,B,clinic,7,short,,,,,0
c-0179,0,,B,clinic,12,medium,,,,,5
c-0068,0,,B,municipal,7,short,,,,,0
h-planning-early-short-0009,1,planning,B,warehouse,9,short,early,early,1,3,2
c-0247,0,,A,warehouse,8,short,,,,,1
c-0085,0,,A,municipal,15,long,,,,,8
c-0317,0,,B,clinic,11,medium,,,,,4
h-human-interaction-mid-long-0005,1,human-interaction,B,warehouse,15,long,mid,mid,6,3,8
c-0084,0,,B,clinic,15,long,,,,,8
c-0010,0,,B,clinic,13,long,,,,,6
c-0411,0,,B,warehouse,12,medium,,,,,5
h-planning-late-medium-0007,1,planning,A,warehouse,12,medium,late,mid,6,2,5
h-retrieval-early-short-0008,1,retrieval,B,library,8,short,early,mid,3,2,1
c-0378,0,,B,registry,11,medium,,,,,4
h-reasoning-early-long-0002,1,reasoning,A,clinic,13,long,early,early,4,1,6
c-0272,0,,A,municipal,8,short,,,,,1
h-tool-use-mid-medium-0003,1,tool-use,A,library,11,medium,mid,late,8,1,4
c-0109,0,,B,warehouse,8,short,,,,,1
h-human-interaction-late-medium-0002,1,human-interaction,A,library,11,medium,late,mid,7,2,4
h-human-interaction-early-long-0000,1,human-interaction,A,municipal,14,long,early,early,3,2,7
c-0150,0,,A,municipal,7,short,,,,,0
c-0407,0,,A,warehouse,10,medium,,,,,3
h-retrieval-mid-medium-0003,1,retrieval,B,municipal,10,medium,mid,mid,4,2,3
c-0434,0,,A,warehouse,7,short,,,,,0
h-planning-late-medium-0005,1,planning,B,clinic,11,medium,late,mid,5,3,4
h-planning-late-medium-0009,1,planning,B,library,10,medium,late,mid,4,3,3
h-reasoning-early-long-0005,1,reasoning,A,clinic,14,long,early,early,4,1,7
c-0096,0,,B,clinic,8,short,,,,,1
h-human-interaction-early-short-0003,1,human-interaction,B,municipal,7,short,early,early,2,3,0
c-0012,0,,B,municipal,7,short,,,,,0
c-0393,0,,A,registry,9,short,,,,,2
c-0263,0,,A,clinic,13,long,,,,,6
c-0410,0,,A,municipal,11,medium,,,,,4
h-reasoning-late-long-0007,1,reasoning,A,clinic,15,long,late,late,12,1,8
h-reasoning-early-short-0007,1,reasoning,A,clinic,7,short,early,mid,4,1,0
h-human-interaction-mid-medium-0009,1,human-interaction,A,library,10,medium,mid,mid,4,2,3
h-planning-late-long-0001,1,planning,B,clinic,15,long,late,mid,9,3,8
h-planning-mid-short-0003,1,planning,B,warehouse,9,short,mid,early,2,3,2
h-human-interaction-late-medium-0009,1,human-interaction,B,clinic,11,medium,late,mid,6,3,4
h-tool-use-early-medium-0009,1,tool-use,A,municipal,10,medium,early,mid,6,1,3
h-retrieval-late-short-0002,1,retrieval,B,municipal,7,short,late,mid,3,2,0
h-reasoning-early-short-0006,1,reasoning,A,warehouse,7,short,early,mid,4,1,0
c-0408,0,,A,registry,7,short,,,,,0
h-human-interaction-mid-medium-0008,1,human-interaction,A,municipal,11,medium,mid,mid,5,2,4
c-0334,0,,B,registry,8,short,,,,,1
h-human-interaction-late-medium-0001,1,human-interaction,A,warehouse,11,medium,late,mid,7,2,4
c-0064,0,,A,clinic,8,short,,,,,1
c-0333,0,,A,library,15,long,,,,,8
h-reasoning-late-short-0008,1,reasoning,A,municipal,7,short,late,mid,4,1,0
c-0248,0,,B,library,14,long,,,,,7
h-tool-use-early-medium-0008,1,tool-use,A,registry,10,medium,early,mid,6,1,3
c-0253,0,,A,registry,11,medium,,,,,4
h-human-interaction-early-long-0004,1,human-interaction,B,registry,14,long,early,early,2,3,7
c-0120,0,,A,warehouse,8,short,,,,,1
h-human-interaction-late-long-0001,1,human-interaction,B,registry,13,long,late,mid,8,3,6
h-planning-early-short-0006,1,planning,B,registry,8,short,early,early,1,3,1
c-0446,0,,B,warehouse,10,medium,,,,,3
h-reasoning-late-long-0008,1,reasoning,A,warehouse,15,long,late,late,12,1,8
c-0392,0,,A,warehouse,7,short,,,,,0
h-tool-use-early-short-0003,1,tool-use,A,clinic,9,short,early,mid,6,1,2
c-0279,0,,B,municipal,9,short,,,,,2
c-0324,0,,B,municipal,15,long,,,,,8
h-tool-use-mid-medium-0001,1,tool-use,A,warehouse,11,medium,mid,late,8,1,4
c-0036,0,,B,library,8,short,,,,,1
c-0403,0,,B,clinic,13,long,,,,,6
c-0008,0,,A,clinic,13,long,,,,,6
h-reasoning-mid-short-0007,1,reasoning,A,warehouse,8,short,mid,mid,4,1,1
c-0022,0,,B,registry,14,long,,,,,7
c-0104,0,,B,clinic,11,medium,,,,,4
h-tool-use-early-short-0007,1,tool-use,B,clinic,8,short,early,late,6,1,1
c-0054,0,,B,warehouse,7,short,,,,,0
h-human-interaction-mid-medium-0006,1,human-interaction,B,municipal,11,medium,mid,mid,4,3,4
c-0147,0,,A,library,11,medium,,,,,4
c-0435,0,,B,warehouse,12,medium,,,,,5
h-planning-mid-short-0009,1,planning,B,clinic,9,short,mid,early,2,3,2
h-human-interaction-early-long-0001,1,human-interaction,B,library,14,long,early,early,2,3,7
h-tool-use-early-short-0004,1,tool-use,A,clinic,9,short,early,mid,6,1,2
h-human-interaction-late-medium-0006,1,human-interaction,A,library,11,medium,late,mid,7,2,4
h-reasoning-mid-short-0001,1,reasoning,A,municipal,9,short,mid,mid,5,1,2
h-retrieval-early-long-0009,1,retrieval,A,clinic,15,long,early,early,2,2,8
c-0079,0,,B,warehouse,7,short,,,,,0
h-human-interaction-late-short-0004,1,human-interaction,A,registry,8,short,late,mid,4,2,1
h-human-interaction-mid-short-0008,1,human-interaction,A,library,8,short,mid,mid,3,2,1
c-0100,0,,B,clinic,7,short,,,,,0
c-0421,0,,A,clinic,8,short,,,,,1
h-human-interaction-mid-long-0008,1,human-interaction,B,warehouse,15,long,mid,mid,6,3,8
h-tool-use-early-short-0001,1,tool-use,B,registry,9,short,early,mid,6,1,2
c-0273,0,,B,registry,12,medium,,,,,5
c-0041,0,,B,municipal,9,short,,,,,2
c-0314,0,,B,clinic,7,short,,,,,0
c-0296,0,,A,library,14,long,,,,,7
h-retrieval-late-long-0007,1,retrieval,A,registry,14,long,late,mid,9,2,7
h-human-interaction-late-medium-0008,1,human-interaction,A,municipal,10,medium,late,mid,6,2,3
c-0052,0,,A,library,13,long,,,,,6
c-0208,0,,B,registry,15,long,,,,,8
c-0330,0,,A,library,14,long,,,,,7
h-planning-late-medium-0008,1,planning,A,warehouse,12,medium,late,mid,6,2,5
h-retrieval-early-long-0007,1,retrieval,B,library,13,long,early,early,3,2,6
c-0087,0,,B,registry,15,long,,,,,8
h-retrieval-mid-long-0002,1,retrieval,B,registry,15,long,mid,mid,7,2,8
c-0149,0,,A,library,14,long,,,,,7
c-0025,0,,B,warehouse,14,long,,,,,7
h-tool-use-late-long-0002,1,tool-use,B,warehouse,14,long,late,late,13,1,7
h-retrieval-early-medium-0002,1,retrieval,A,warehouse,12,medium,early,early,2,2,5
h-planning-early-long-0009,1,planning,A,municipal,14,long,early,early,1,2,7
h-human-interaction-late-long-0008,1,human-interaction,A,registry,13,long,late,late,9,2,6
h-tool-use-early-long-0004,1,tool-use,A,clinic,14,long,early,mid,6,1,7
c-0381,0,,B,municipal,8,short,,,,,1
c-0347,0,,A,registry,13,long,,,,,6
c-0118,0,,A,registry,9,short,,,,,2
h-retrieval-late-medium-0005,1,retrieval,B,library,10,medium,late,mid,6,2,3
c-0178,0,,B,municipal,13,long,,,,,6
c-0288,0,,A,registry,7,short,,,,,0
c-0110,0,,A,library,11,medium,,,,,4
h-planning-late-long-0004,1,planning,A,library,14,long,late,mid,8,2,7
h-human-interaction-late-short-0003,1,human-interaction,B,clinic,8,short,late,mid,3,3,1
c-0449,0,,B,warehouse,15,long,,,,,8
c-0386,0,,B,warehouse,11,medium,,,,,4
c-0123,0,,B,municipal,14,long,,,,,7
c-0058,0,,B,municipal,9,short,,,,,2
h-planning-mid-long-0006,1,planning,A,warehouse,14,long,mid,early,4,2,7
h-planning-mid-short-0005,1,planning,A,municipal,8,short,mid,early,1,2,1
h-retrieval-late-short-0007,1,retrieval,A,library,8,short,late,mid,3,2,1
c-0183,0,,B,library,9,short,,,,,2
c-0283,0,,A,warehouse,13,long,,,,,6
c-0142,0,,B,municipal,15,long,,,,,8
c-0364,0,,B,clinic,10,medium,,,,,3
c-0240,0,,B,municipal,12,medium,,,,,5
c-0448,0,,B,registry,15,long,,,,,8
c-0269,0,,B,warehouse,10,medium,,,,,3
c-0442,0,,A,registry,11,medium,,,,,4
c-0438,0,,B,clinic,11,medium,,,,,4
h-human-interaction-late-short-0000,1,human-interaction,B,warehouse,9,short,late,mid,4,3,2
c-0373,0,,B,library,7,short,,,,,0
h-tool-use-early-long-0006,1,tool-use,A,municipal,13,long,early,mid,6,1,6
h-tool-use-late-short-0000,1,tool-use,A,municipal,9,short,late,late,8,1,2
c-0422,0,,A,library,15,long,,,,,8
c-0140,0,,B,warehouse,11,medium,,,,,4
h-retrieval-early-long-0000,1,retrieval,B,library,13,long,early,early,3,2,6
c-0013,0,,B,registry,14,long,,,,,7
c-0301,0,,B,registry,14,long,,,,,7
h-planning-mid-long-0001,1,planning,A,library,13,long,mid,early,4,2,6
c-0395,0,,B,clinic,15,long,,,,,8
h-reasoning-early-short-0001,1,reasoning,A,registry,9,short,early,mid,4,1,2
h-tool-use-late-short-0004,1,tool-use,A,library,7,short,late,late,6,1,0
h-tool-use-late-medium-0001,1,tool-use,B,registry,12,medium,late,late,11,1,5
c-0302,0,,B,clinic,12,medium,,,,,5
c-0125,0,,B,registry,14,long,,,,,7
c-0172,0,,B,clinic,9,short,,,,,2
h-human-interaction-late-long-0005,1,human-interaction,B,warehouse,14,long,late,mid,9,3,7
c-0251,0,,B,clinic,13,long,,,,,6
h-tool-use-late-medium-0007,1,tool-use,B,registry,10,medium,late,late,9,1,3
c-0427,0,,A,warehouse,13,long,,,,,6
h-retrieval-late-long-0005,1,retrieval,A,municipal,15,long,late,mid,10,2,8
c-0075,0,,B,registry,10,medium,,,,,3
c-0158,0,,A,municipal,10,medium,,,,,3
c-0024,0,,B,municipal,15,long,,,,,8
h-planning-mid-medium-0002,1,planning,B,municipal,12,medium,mid,early,3,3,5
h-planning-early-short-0001,1,planning,B,registry,8,short,early,early,1,3,1
h-human-interaction-early-medium-0003,1,human-interaction,B,municipal,11,medium,early,early,2,3,4
c-0308,0,,A,warehouse,8,short,,,,,1
c-0212,0,,A,warehouse,10,medium,,,,,3
h-human-interaction-early-short-0007,1,human-interaction,A,municipal,9,short,early,early,3,2,2
h-retrieval-mid-medium-0000,1,retrieval,A,warehouse,12,medium,mid,early,4,2,5
c-0345,0,,A,warehouse,10,medium,,,,,3
c-0342,0,,B,municipal,9,short,,,,,2
c-0115,0,,B,library,15,long,,,,,8
c-0306,0,,A,clinic,13,long,,,,,6
h-reasoning-early-long-0003,1,reasoning,A,library,14,long,early,early,4,1,7
h-planning-mid-short-0006,1,planning,B,library,7,short,mid,early,1,3,0
h-retrieval-late-short-0003,1,retrieval,A,library,9,short,late,mid,4,2,2
h-retrieval-late-long-0008,1,retrieval,A,municipal,13,long,late,mid,8,2,6
c-0095,0,,B,registry,11,medium,,,,,4
h-retrieval-early-medium-0009,1,retrieval,A,library,11,medium,early,early,2,2,4
h-reasoning-mid-short-0005,1,reasoning,B,registry,9,short,mid,mid,5,2,2
c-0346,0,,A,library,15,long,,,,,8
h-planning-mid-short-0008,1,planning,B,warehouse,8,short,mid,early,1,3,1
c-0180,0,,B,clinic,8,short,,,,,1
h-tool-use-early-short-0002,1,tool-use,B,library,9,short,early,mid,6,1,2
h-planning-late-medium-0002,1,planning,B,clinic,10,medium,late,mid,4,3,3
h-planning-late-short-0004,1,planning,B,warehouse,9,short,late,early,3,3,2
h-human-interaction-mid-short-0002,1,human-interaction,A,clinic,9,short,mid,mid,4,2,2
h-reasoning-early-short-0005,1,reasoning,B,clinic,9,short,early,mid,4,2,2
c-0001,0,,A,registry,13,long,,,,,6
c-0299,0,,B,library,7,short,,,,,0
h-planning-mid-long-0004,1,planning,B,clinic,13,long,mid,early,4,3,6
c-0005,0,,A,library,8,short,,,,,1
c-0191,0,,A,library,8,short,,,,,1
c-0155,0,,B,clinic,13,long,,,,,6
c-0260,0,,A,municipal,13,long,,,,,6
c-0174,0,,A,registry,15,long,,,,,8
h-planning-mid-long-0008,1,planning,B,warehouse,13,long,mid,early,4,3,6
c-0154,0,,A,registry,8,short,,,,,1
c-0207,0,,B,warehouse,10,medium,,,,,3
c-0258,0,,B,warehouse,8,short,,,,,1
h-retrieval-late-long-0004,1,retrieval,B,clinic,13,long,late,late,9,2,6
h-human-interaction-mid-long-0007,1,human-interaction,B,library,14,long,mid,mid,5,3,7
c-0281,0,,A,registry,7,short,,,,,0
c-0370,0,,A,municipal,13,long,,,,,6
h-planning-late-short-0003,1,planning,B,municipal,9,short,late,early,3,3,2
c-0211,0,,A,warehouse,12,medium,,,,,5
h-tool-use-early-medium-0005,1,tool-use,B,library,10,medium,early,mid,6,1,3
c-0432,0,,B,clinic,12,medium,,,,,5
h-retrieval-mid-medium-0002,1,retrieval,B,registry,10,medium,mid,mid,4,2,3
h-tool-use-late-short-0001,1,tool-use,A,municipal,9,short,late,late,8,1,2
c-0206,0,,A,municipal,8,short,,,,,1
h-planning-mid-medium-0008,1,planning,A,clinic,11,medium,mid,early,3,2,4
h-tool-use-mid-medium-0009,1,tool-use,B,library,10,medium,mid,late,7,1,3
h-planning-late-short-0001,1,planning,B,warehouse,7,short,late,early,1,3,0
h-reasoning-mid-long-0000,1,reasoning,B,warehouse,14,long,mid,mid,7,2,7
c-0396,0,,B,registry,12,medium,,,,,5
h-human-interaction-early-short-0002,1,human-interaction,B,library,7,short,early,early,2,3,0
h-tool-use-late-long-0009,1,tool-use,A,clinic,15,long,late,late,14,1,8
c-0384,0,,B,library,11,medium,,,,,4
h-tool-use-late-long-0000,1,tool-use,A,registry,14,long,late,late,13,1,7
c-0377,0,,B,warehouse,14,long,,,,,7
h-human-interaction-mid-long-0001,1,human-interaction,A,municipal,14,long,mid,mid,6,2,7
c-0237,0,,B,library,13,long,,,,,6
c-0166,0,,A,municipal,15,long,,,,,8
c-0350,0,,A,clinic,12,medium,,,,,5
c-0028,0,,A,municipal,10,medium,,,,,3
h-reasoning-mid-long-0008,1,reasoning,A,warehouse,13,long,mid,mid,7,1,6
h-tool-use-late-short-0009,1,tool-use,A,municipal,7,short,late,late,6,1,0
h-human-interaction-mid-long-0006,1,human-interaction,B,warehouse,13,long,mid,mid,5,3,6
c-0383,0,,A,warehouse,10,medium,,,,,3
c-0361,0,,B,registry,14,long,,,,,7
h-human-interaction-mid-long-0003,1,human-interaction,B,municipal,15,long,mid,mid,6,3,8
c-0225,0,,A,clinic,14,long,,,,,7
h-tool-use-mid-short-0004,1,tool-use,A,clinic,7,short,mid,late,6,1,0
c-0387,0,,A,municipal,15,long,,,,,8
c-0198,0,,A,municipal,7,short,,,,,0
h-tool-use-early-long-0007,1,tool-use,B,registry,13,long,early,mid,6,1,6
h-human-interaction-late-medium-0000,1,human-interaction,A,municipal,12,medium,late,mid,8,2,5
h-tool-use-late-medium-0002,1,tool-use,B,registry,10,medium,late,late,9,1,3
h-human-interaction-mid-long-0000,1,human-interaction,B,library,13,long,mid,mid,5,3,6
h-tool-use-late-medium-0009,1,tool-use,A,municipal,11,medium,late,late,10,1,4
c-0366,0,,A,clinic,8,short,,,,,1
h-planning-mid-medium-0001,1,planning,B,warehouse,10,medium,mid,early,2,3,3
c-0018,0,,A,clinic,13,long,,,,,6
h-planning-mid-short-0002,1,planning,B,clinic,7,short,mid,early,1,3,0
c-0116,0,,A,registry,7,short,,,,,0
h-reasoning-late-medium-0004,1,reasoning,B,registry,10,medium,late,late,7,2,3
c-0394,0,,B,registry,12,medium,,,,,5
c-0294,0,,A,municipal,7,short,,,,,0
c-0224,0,,A,library,7,short,,,,,0
h-planning-early-long-0002,1,planning,B,registry,14,long,early,early,1,3,7
h-tool-use-late-short-0003,1,tool-use,A,municipal,7,short,late,late,6,1,0
c-0218,0,,B,registry,8,short,,,,,1
h-human-interaction-early-short-0006,1,human-interaction,A,registry,8,short,early,mid,3,2,1
c-0144,0,,A,warehouse,13,long,,,,,6
c-0088,0,,B,municipal,13,long,,,,,6
c-0401,0,,B,clinic,8,short,,,,,1
c-0121,0,,A,warehouse,15,long,,,,,8
c-0162,0,,B,warehouse,11,medium,,,,,4
c-0256,0,,B,warehouse,9,short,,,,,2
c-0204,0,,B,municipal,13,long,,,,,6
h-retrieval-mid-medium-0008,1,retrieval,B,warehouse,10,medium,mid,mid,4,2,3
c-0222,0,,A,warehouse,8,short,,,,,1
c-0126,0,,A,registry,15,long,,,,,8
h-tool-use-mid-short-0000,1,tool-use,A,registry,8,short,mid,late,6,1,1
h-planning-early-short-0004,1,planning,B,municipal,7,short,early,early,1,3,0
c-0228,0,,B,warehouse,13,long,,,,,6
c-0356,0,,B,registry,9,short,,,,,2
c-0170,0,,A,library,14,long,,,,,7
c-0062,0,,B,registry,13,long,,,,,6
c-0092,0,,B,clinic,10,medium,,,,,3
h-retrieval-mid-medium-0007,1,retrieval,B,municipal,12,medium,mid,mid,5,2,5
c-0187,0,,B,municipal,10,medium,,,,,3
c-0181,0,,A,registry,10,medium,,,,,3
h-planning-mid-long-0002,1,planning,B,clinic,14,long,mid,early,4,3,7
c-0385,0,,B,warehouse,10,medium,,,,,3
c-0107,0,,A,library,12,medium,,,,,5
h-planning-early-medium-0007,1,planning,A,library,11,medium,early,early,1,2,4
c-0091,0,,B,municipal,13,long,,,,,6
h-retrieval-early-short-0004,1,retrieval,A,clinic,7,short,early,early,2,2,0
c-0368,0,,A,registry,15,long,,,,,8
c-0293,0,,A,registry,10,medium,,,,,3
h-retrieval-mid-long-0009,1,retrieval,B,warehouse,15,long,mid,mid,7,2,8
h-retrieval-late-medium-0004,1,retrieval,B,clinic,10,medium,late,mid,6,2,3
c-0259,0,,A,clinic,12,medium,,,,,5
c-0250,0,,A,library,15,long,,,,,8
c-0043,0,,B,clinic,14,long,,,,,7
c-0291,0,,A,warehouse,9,short,,,,,2
h-reasoning-mid-medium-0004,1,reasoning,B,library,10,medium,mid,mid,5,2,3
c-0329,0,,A,clinic,12,medium,,,,,5
h-reasoning-late-medium-0002,1,reasoning,B,warehouse,12,medium,late,late,9,2,5
h-tool-use-mid-medium-0006,1,tool-use,B,warehouse,11,medium,mid,late,8,1,4
h-reasoning-late-short-0003,1,reasoning,A,municipal,8,short,late,mid,5,1,1
h-planning-early-long-0000,1,planning,B,registry,15,long,early,early,1,3,8
c-0099,0,,A,registry,14,long,,,,,7
h-human-interaction-mid-short-0009,1,human-interaction,A,municipal,9,short,mid,mid,4,2,2
h-tool-use-early-long-0003,1,tool-use,B,municipal,13,long,early,mid,6,1,6
c-0242,0,,A,library,11,medium,,,,,4
h-human-interaction-early-medium-0001,1,human-interaction,B,library,10,medium,early,early,2,3,3
c-0389,0,,A,library,8,short,,,,,1
h-reasoning-late-long-0000,1,reasoning,A,clinic,14,long,late,late,11,1,7
h-retrieval-early-medium-0001,1,retrieval,A,municipal,12,medium,early,early,2,2,5
h-human-interaction-late-medium-0004,1,human-interaction,B,municipal,11,medium,late,mid,6,3,4
c-0185,0,,A,registry,8,short,,,,,1
h-tool-use-early-long-0001,1,tool-use,B,municipal,15,long,early,mid,6,1,8
c-0042,0,,B,warehouse,12,medium,,,,,5
c-0420,0,,B,library,10,medium,,,,,3
c-0145,0,,B,registry,8,short,,,,,1
h-reasoning-early-long-0007,1,reasoning,B,warehouse,13,long,early,early,4,2,6
h-tool-use-mid-medium-0004,1,tool-use,A,warehouse,11,medium,mid,late,8,1,4
c-0070,0,,B,registry,12,medium,,,,,5
h-human-interaction-early-long-0007,1,human-interaction,A,warehouse,14,long,early,early,3,2,7
c-0026,0,,B,registry,15,long,,,,,8
c-0165,0,,B,municipal,10,medium,,,,,3
h-reasoning-mid-short-0003,1,reasoning,A,warehouse,7,short,mid,mid,4,1,0
c-0133,0,,A,municipal,12,medium,,,,,5
h-human-interaction-late-long-0009,1,human-interaction,A,library,15,long,late,late,11,2,8
h-reasoning-early-medium-0005,1,reasoning,B,library,12,medium,early,early,4,2,5
c-0287,0,,A,clinic,11,medium,,,,,4
c-0105,0,,A,library,15,long,,,,,8
c-0072,0,,B,warehouse,15,long,,,,,8
h-tool-use-early-short-0006,1,tool-use,B,clinic,7,short,early,late,6,1,0
c-0374,0,,B,clinic,14,long,,,,,7
h-reasoning-mid-medium-0006,1,reasoning,A,clinic,10,medium,mid,mid,5,1,3
h-tool-use-early-short-0000,1,tool-use,A,warehouse,7,short,early,late,6,1,0
h-tool-use-early-medium-0002,1,tool-use,A,clinic,12,medium,early,mid,6,1,5
h-planning-mid-medium-0000,1,planning,A,municipal,10,medium,mid,early,2,2,3
c-0175,0,,A,municipal,10,medium,,,,,3
c-0215,0,,A,registry,11,medium,,,,,4
h-retrieval-mid-short-0006,1,retrieval,B,library,9,short,mid,mid,4,2,2
h-tool-use-mid-short-0001,1,tool-use,B,warehouse,8,short,mid,late,6,1,1
h-retrieval-early-medium-0003,1,retrieval,B,library,11,medium,early,early,3,2,4
c-0244,0,,B,registry,7,short,,,,,0
h-planning-late-long-0000,1,planning,B,warehouse,15,long,late,mid,9,3,8
h-human-interaction-early-medium-0002,1,human-interaction,A,clinic,11,medium,early,early,3,2,4
h-reasoning-early-short-0009,1,reasoning,A,clinic,9,short,early,mid,4,1,2
c-0323,0,,A,clinic,13,long,,,,,6
h-reasoning-early-medium-0002,1,reasoning,A,municipal,10,medium,early,mid,4,1,3
h-planning-mid-short-0004,1,planning,A,municipal,9,short,mid,early,2,2,2
c-0439,0,,B,municipal,7,short,,,,,0
h-retrieval-mid-long-0007,1,retrieval,B,warehouse,15,long,mid,mid,7,2,8
h-reasoning-late-long-0002,1,reasoning,A,clinic,13,long,late,late,10,1,6
h-tool-use-late-long-0005,1,tool-use,B,warehouse,15,long,late,late,14,1,8
h-reasoning-late-medium-0001,1,reasoning,A,library,12,medium,late,late,9,1,5
c-0035,0,,A,registry,11,medium,,,,,4
c-0328,0,,A,municipal,7,short,,,,,0
h-retrieval-late-medium-0002,1,retrieval,B,library,11,medium,late,mid,7,2,4
h-reasoning-late-short-0000,1,reasoning,A,municipal,9,short,late,mid,6,1,2
c-0335,0,,A,clinic,7,short,,,,,0
c-0135,0,,B,clinic,15,long,,,,,8
h-planning-late-medium-0006,1,planning,A,clinic,10,medium,late,mid,4,2,3
h-retrieval-late-long-0000,1,retrieval,B,clinic,15,long,late,late,11,2,8
h-human-interaction-mid-medium-0005,1,human-interaction,A,municipal,11,medium,mid,mid,5,2,4
h-retrieval-mid-short-0001,1,retrieval,B,clinic,7,short,mid,mid,3,2,0
h-human-interaction-late-short-0007,1,human-interaction,A,municipal,9,short,late,mid,5,2,2
h-reasoning-mid-short-0002,1,reasoning,B,municipal,8,short,mid,mid,4,2,1
c-0445,0,,B,warehouse,9,short,,,,,2
c-0217,0,,A,library,10,medium,,,,,3
h-human-interaction-mid-long-0009,1,human-interaction,B,warehouse,13,long,mid,mid,5,3,6
h-human-interaction-mid-short-0004,1,human-interaction,A,municipal,9,short,mid,mid,4,2,2
c-0363,0,,B,library,13,long,,,,,6
c-0415,0,,A,registry,12,medium,,,,,5
c-0220,0,,A,clinic,9,short,,,,,2
c-0365,0,,A,registry,15,long,,,,,8
h-tool-use-mid-short-0002,1,tool-use,A,library,7,short,mid,late,6,1,0
h-planning-late-short-0007,1,planning,B,registry,8,short,late,early,2,3,1
h-reasoning-late-long-0003,1,reasoning,B,registry,14,long,late,late,11,2,7
h-tool-use-mid-long-0003,1,tool-use,B,library,15,long,mid,mid,10,1,8
c-0238,0,,A,municipal,14,long,,,,,7
c-0167,0,,B,library,13,long,,,,,6
h-human-interaction-early-medium-0007,1,human-interaction,A,warehouse,12,medium,early,early,3,2,5
h-tool-use-mid-medium-0007,1,tool-use,A,municipal,10,medium,mid,late,7,1,3
c-0015,0,,B,registry,12,medium,,,,,5
h-planning-late-long-0008,1,planning,B,municipal,13,long,late,mid,7,3,6
h-human-interaction-mid-medium-0001,1,human-interaction,B,municipal,11,medium,mid,mid,4,3,4
c-0284,0,,B,library,7,short,,,,,0
h-reasoning-early-short-0008,1,reasoning,B,clinic,9,short,early,mid,4,2,2
h-tool-use-mid-short-0003,1,tool-use,A,clinic,8,short,mid,late,6,1,1
c-0186,0,,A,municipal,13,long,,,,,6
c-0268,0,,B,municipal,15,long,,,,,8
c-0221,0,,B,registry,8,short,,,,,1
c-0331,0,,A,clinic,11,medium,,,,,4
c-0059,0,,A,clinic,10,medium,,,,,3
h-reasoning-mid-medium-0000,1,reasoning,B,library,11,medium,mid,mid,6,2,4
c-0203,0,,B,municipal,11,medium,,,,,4
c-0305,0,,A,library,12,medium,,,,,5
h-human-interaction-early-medium-0006,1,human-interaction,B,clinic,10,medium,early,early,2,3,3
h-tool-use-early-medium-0000,1,tool-use,B,library,10,medium,early,mid,6,1,3
h-tool-use-late-medium-0004,1,tool-use,A,municipal,12,medium,late,late,11,1,5
h-retrieval-late-short-0005,1,retrieval,A,registry,7,short,late,early,2,2,0
c-0315,0,,B,warehouse,9,short,,,,,2
c-0313,0,,A,clinic,13,long,,,,,6
h-retrieval-mid-short-0005,1,retrieval,B,library,8,short,mid,mid,3,2,1
c-0322,0,,A,registry,12,medium,,,,,5
c-0339,0,,A,municipal,13,long,,,,,6
h-planning-mid-short-0001,1,planning,A,municipal,9,short,mid,early,2,2,2
h-retrieval-mid-short-0008,1,retrieval,B,warehouse,9,short,mid,mid,4,2,2
h-planning-early-short-0005,1,planning,B,registry,7,short,early,early,1,3,0
c-0312,0,,B,municipal,13,long,,,,,6
c-0205,0,,B,clinic,7,short,,,,,0
c-0429,0,,B,registry,7,short,,,,,0
h-human-interaction-mid-long-0004,1,human-interaction,B,clinic,13,long,mid,mid,5,3,6
h-reasoning-early-medium-0003,1,reasoning,A,warehouse,10,medium,early,mid,4,1,3
h-retrieval-late-medium-0003,1,retrieval,B,municipal,10,medium,late,mid,6,2,3
h-planning-early-short-0008,1,planning,A,municipal,9,short,early,early,1,2,2
h-human-interaction-mid-medium-0000,1,human-interaction,B,library,11,medium,mid,mid,4,3,4
h-retrieval-late-short-0008,1,retrieval,A,municipal,7,short,late,early,2,2,0
h-tool-use-early-medium-0007,1,tool-use,A,library,11,medium,early,mid,6,1,4
c-0051,0,,A,warehouse,15,long,,,,,8
c-0417,0,,A,registry,14,long,,,,,7
c-0236,0,,B,library,9,short,,,,,2
c-0071,0,,B,library,9,short,,,,,2
c-0372,0,,A,municipal,12,medium,,,,,5
h-planning-late-short-0000,1,planning,B,library,7,short,late,early,1,3,0
c-0023,0,,A,warehouse,8,short,,,,,1
h-tool-use-early-short-0008,1,tool-use,B,library,7,short,early,late,6,1,0
h-planning-mid-medium-0005,1,planning,B,registry,10,medium,mid,early,2,3,3
h-planning-early-long-0005,1,planning,B,warehouse,13,long,early,early,1,3,6
c-0097,0,,A,library,10,medium,,,,,3
c-0011,0,,B,registry,7,short,,,,,0
c-0045,0,,B,municipal,15,long,,,,,8
c-0414,0,,B,library,8,short,,,,,1
h-retrieval-early-short-0000,1,retrieval,A,registry,9,short,early,early,2,2,2
c-0310,0,,A,municipal,9,short,,,,,2
h-reasoning-mid-medium-0009,1,reasoning,B,registry,11,medium,mid,mid,6,2,4
c-0067,0,,B,municipal,15,long,,,,,8
h-tool-use-early-medium-0001,1,tool-use,A,warehouse,11,medium,early,mid,6,1,4
h-reasoning-mid-long-0004,1,reasoning,A,clinic,13,long,mid,mid,7,1,6
h-reasoning-late-medium-0000,1,reasoning,A,library,11,medium,late,late,8,1,4
h-retrieval-early-medium-0008,1,retrieval,A,clinic,11,medium,early,early,2,2,4
h-planning-late-long-0009,1,planning,A,clinic,14,long,late,mid,8,2,7
