model,style,lang,n,judgment_acc,judg_lo,judg_hi,steploc_acc,loc_lo,loc_hi,unparsable_pct,validity,paired_ar_minus_en,discordant
Qwen2.5-7B-Instruct,cot,ar,300,0.6067,0.5504,0.6603,0.3958,0.3197,0.4774,0.0,VALID,-0.0417,48
Qwen2.5-7B-Instruct,cot,en,300,0.6267,0.5707,0.6795,0.4375,0.3591,0.5191,0.0,VALID,,
Qwen2.5-7B-Instruct,free-cot,ar,300,0.5233,0.4669,0.5792,0.0000,0.0000,0.0260,0.0,VALID,-0.0347,5
Qwen2.5-7B-Instruct,free-cot,en,300,0.5400,0.4835,0.5955,0.0347,0.0149,0.0787,0.0,VALID,,
Llama-3.1-8B-Instruct,cot,ar,300,0.5400,0.4835,0.5955,0.0139,0.0038,0.0492,34.7,FAILS GATE,-0.6944,102
Llama-3.1-8B-Instruct,cot,en,300,0.5900,0.5335,0.6442,0.7083,0.6295,0.7764,7.3,FAILS GATE,,
Llama-3.1-8B-Instruct,direct,ar,300,0.5667,0.5101,0.6215,0.0764,0.0432,0.1316,0.3,VALID,-0.4722,80
Llama-3.1-8B-Instruct,direct,en,300,0.6633,0.6081,0.7144,0.5486,0.4671,0.6276,0.0,VALID,,
SILMA-9B-Instruct,cot,ar,300,0.5200,0.4636,0.5759,0.0000,0.0000,0.0260,100.0,FAILS GATE,+0.0000,0
SILMA-9B-Instruct,cot,en,300,0.5200,0.4636,0.5759,0.0000,0.0000,0.0260,100.0,FAILS GATE,,
SILMA-9B-Instruct,direct,ar,300,0.4967,0.4405,0.5529,0.2153,0.1560,0.2893,8.3,FAILS GATE,-0.1389,46
SILMA-9B-Instruct,direct,en,300,0.4800,0.4241,0.5364,0.3542,0.2808,0.4351,0.0,VALID,,
